School,VaccinatedRate,UnvaccinatedRate,RiskRatio
HarborView Primary,0.04229607250755287,0.15517241379310345,0.27257468949311847
Emerald Bay Primary,0.06066176470588235,0.1875,0.3235294117647059
Midtown Primary,0.08227848101265822,0.25842696629213485,0.3183819482663731
Riverbend Primary,0.09443099273607748,0.3107344632768362,0.3038961038961039
North Ridge Primary,0.14695340501792115,0.3391812865497076,0.43325917686318133
Central Peak Primary,0.1643835616438356,0.29831932773109243,0.5510322207215897
Lakeside Academy,0.08225108225108226,0.19724770642201836,0.416993858854324
Sunrise Primary,0.09166666666666666,0.26666666666666666,0.34375
